Workbook

Sheet Read me
A1: PHAT training log — how this works
A5: Log | B5: The only tab you type into during a session. One row per set. Pick the Day and Exercise from the dropdown, type weight and reps. Volume calculates itself.
A6: Bodyweight | B6: One row per morning. The 7-day average, weekly change and the calorie decision all calculate themselves.
A7: Progress | B7: Your top set on the four lifts that decide whether this is working. Set your start date in B4 and it fills in from the Log.
A8: Program | B8: The full PHAT prescription — sets, rep ranges and the technique cue for each exercise. Reference only, don't edit.
A9: Diet | B9: Macro targets for training and rest days. Reference only.
A11: Cells to fill | B11: Anything shaded pale yellow. Everything else is a formula — leave it alone.
A12: Rows marked * | B12: In the Program tab, an exercise marked * is cut for weeks 1–4. Add it back from week 5 if recovery is holding.
A14: The check that matters | B14: At week 6, look at the Progress tab. If the top set on Row, Bench, Squat and Deadlift has not moved above week 1, the programme is not the problem — the effort or the food is.

Sheet Log
A1: Session log
A2: One row per set. Yellow columns are yours; Volume calculates itself.
A3: ↓ row 5 is an example — overwrite it
A4: Date | B4: Day | C4: Exercise | D4: Set # | E4: Weight (kg) | F4: Reps | G4: Volume (kg) | H4: RIR | I4: Note
A5: 2026-09-10 | B5: Day 1 — Upper power | C5: Bent-over row | D5: 1 | E5: 90 | F5: 5 | G5: =IF(AND(E5<>"",F5<>""),E5*F5,"") -> 450 | H5: 2 | I5: felt easy, go 92.5 next
G6: =IF(AND(E6<>"",F6<>""),E6*F6,"")
G7: =IF(AND(E7<>"",F7<>""),E7*F7,"")
G8: =IF(AND(E8<>"",F8<>""),E8*F8,"")
G9: =IF(AND(E9<>"",F9<>""),E9*F9,"")
G10: =IF(AND(E10<>"",F10<>""),E10*F10,"")
G11: =IF(AND(E11<>"",F11<>""),E11*F11,"")
G12: =IF(AND(E12<>"",F12<>""),E12*F12,"")
G13: =IF(AND(E13<>"",F13<>""),E13*F13,"")
G14: =IF(AND(E14<>"",F14<>""),E14*F14,"")
G15: =IF(AND(E15<>"",F15<>""),E15*F15,"")
G16: =IF(AND(E16<>"",F16<>""),E16*F16,"")
G17: =IF(AND(E17<>"",F17<>""),E17*F17,"")
... G1004: =IF(AND(E1004<>"",F1004<>""),E1004*F1004,"")

Sheet Bodyweight
A1: Bodyweight
A2: Same time, same conditions, every morning. Target: 0.2–0.3 kg per week.
A3: ↓ row 5 is an example — overwrite it
A4: Date | B4: Weight (kg) | C4: 7-day average | D4: Change vs last week | E4: What to do
A5: 2026-09-10 | B5: 85 | C5: =IF(B5="","",IFERROR(AVERAGEIFS($B$5:$B$504,$A$5:$A$504,">="&A5-6,$A$5:$A$504,"<="&A5),"")) | D5: =IF(OR(C5="",COUNTIFS($A$5:$A$504,">="&A5-13,$A$5:$A$504,"<="&A5-7)=0),"",C5-AVERAGEIFS($B$5:$B$504,$A$5:$A$504,">="&A5-13,$A$5:$A$504,"<="&A5-7)) | E5: =IF(D5="","",IF(AND(D5>=0.2,D5<=0.35),"On target — change nothing",IF(D5<0.2,"Gaining too slowly — add 200 kcal to training days","Gaining too fast — cut 200 kcal from training days")))
C6: =IF(B6="","",IFERROR(AVERAGEIFS($B$5:$B$504,$A$5:$A$504,">="&A6-6,$A$5:$A$504,"<="&A6),"")) | D6: =IF(OR(C6="",COUNTIFS($A$5:$A$504,">="&A6-13,$A$5:$A$504,"<="&A6-7)=0),"",C6-AVERAGEIFS($B$5:$B$504,$A$5:$A$504,">="&A6-13,$A$5:$A$504,"<="&A6-7)) | E6: =IF(D6="","",IF(AND(D6>=0.2,D6<=0.35),"On target — change nothing",IF(D6<0.2,"Gaining too slowly — add 200 kcal to training days","Gaining too fast — cut 200 kcal from training days")))
C7: =IF(B7="","",IFERROR(AVERAGEIFS($B$5:$B$504,$A$5:$A$504,">="&A7-6,$A$5:$A$504,"<="&A7),"")) | D7: =IF(OR(C7="",COUNTIFS($A$5:$A$504,">="&A7-13,$A$5:$A$504,"<="&A7-7)=0),"",C7-AVERAGEIFS($B$5:$B$504,$A$5:$A$504,">="&A7-13,$A$5:$A$504,"<="&A7-7)) | E7: =IF(D7="","",IF(AND(D7>=0.2,D7<=0.35),"On target — change nothing",IF(D7<0.2,"Gaining too slowly — add 200 kcal to training days","Gaining too fast — cut 200 kcal from training days")))
C8: =IF(B8="","",IFERROR(AVERAGEIFS($B$5:$B$504,$A$5:$A$504,">="&A8-6,$A$5:$A$504,"<="&A8),"")) | D8: =IF(OR(C8="",COUNTIFS($A$5:$A$504,">="&A8-13,$A$5:$A$504,"<="&A8-7)=0),"",C8-AVERAGEIFS($B$5:$B$504,$A$5:$A$504,">="&A8-13,$A$5:$A$504,"<="&A8-7)) | E8: =IF(D8="","",IF(AND(D8>=0.2,D8<=0.35),"On target — change nothing",IF(D8<0.2,"Gaining too slowly — add 200 kcal to training days","Gaining too fast — cut 200 kcal from training days")))
C9: =IF(B9="","",IFERROR(AVERAGEIFS($B$5:$B$504,$A$5:$A$504,">="&A9-6,$A$5:$A$504,"<="&A9),"")) | D9: =IF(OR(C9="",COUNTIFS($A$5:$A$504,">="&A9-13,$A$5:$A$504,"<="&A9-7)=0),"",C9-AVERAGEIFS($B$5:$B$504,$A$5:$A$504,">="&A9-13,$A$5:$A$504,"<="&A9-7)) | E9: =IF(D9="","",IF(AND(D9>=0.2,D9<=0.35),"On target — change nothing",IF(D9<0.2,"Gaining too slowly — add 200 kcal to training days","Gaining too fast — cut 200 kcal from training days")))
C10: =IF(B10="","",IFERROR(AVERAGEIFS($B$5:$B$504,$A$5:$A$504,">="&A10-6,$A$5:$A$504,"<="&A10),"")) | D10: =IF(OR(C10="",COUNTIFS($A$5:$A$504,">="&A10-13,$A$5:$A$504,"<="&A10-7)=0),"",C10-AVERAGEIFS($B$5:$B$504,$A$5:$A$504,">="&A10-13,$A$5:$A$504,"<="&A10-7)) | E10: =IF(D10="","",IF(AND(D10>=0.2,D10<=0.35),"On target — change nothing",IF(D10<0.2,"Gaining too slowly — add 200 kcal to training days","Gaining too fast — cut 200 kcal from training days")))
C11: =IF(B11="","",IFERROR(AVERAGEIFS($B$5:$B$504,$A$5:$A$504,">="&A11-6,$A$5:$A$504,"<="&A11),"")) | D11: =IF(OR(C11="",COUNTIFS($A$5:$A$504,">="&A11-13,$A$5:$A$504,"<="&A11-7)=0),"",C11-AVERAGEIFS($B$5:$B$504,$A$5:$A$504,">="&A11-13,$A$5:$A$504,"<="&A11-7)) | E11: =IF(D11="","",IF(AND(D11>=0.2,D11<=0.35),"On target — change nothing",IF(D11<0.2,"Gaining too slowly — add 200 kcal to training days","Gaining too fast — cut 200 kcal from training days")))
C12: =IF(B12="","",IFERROR(AVERAGEIFS($B$5:$B$504,$A$5:$A$504,">="&A12-6,$A$5:$A$504,"<="&A12),"")) | D12: =IF(OR(C12="",COUNTIFS($A$5:$A$504,">="&A12-13,$A$5:$A$504,"<="&A12-7)=0),"",C12-AVERAGEIFS($B$5:$B$504,$A$5:$A$504,">="&A12-13,$A$5:$A$504,"<="&A12-7)) | E12: =IF(D12="","",IF(AND(D12>=0.2,D12<=0.35),"On target — change nothing",IF(D12<0.2,"Gaining too slowly — add 200 kcal to training days","Gaining too fast — cut 200 kcal from training days")))
C13: =IF(B13="","",IFERROR(AVERAGEIFS($B$5:$B$504,$A$5:$A$504,">="&A13-6,$A$5:$A$504,"<="&A13),"")) | D13: =IF(OR(C13="",COUNTIFS($A$5:$A$504,">="&A13-13,$A$5:$A$504,"<="&A13-7)=0),"",C13-AVERAGEIFS($B$5:$B$504,$A$5:$A$504,">="&A13-13,$A$5:$A$504,"<="&A13-7)) | E13: =IF(D13="","",IF(AND(D13>=0.2,D13<=0.35),"On target — change nothing",IF(D13<0.2,"Gaining too slowly — add 200 kcal to training days","Gaining too fast — cut 200 kcal from training days")))
C14: =IF(B14="","",IFERROR(AVERAGEIFS($B$5:$B$504,$A$5:$A$504,">="&A14-6,$A$5:$A$504,"<="&A14),"")) | D14: =IF(OR(C14="",COUNTIFS($A$5:$A$504,">="&A14-13,$A$5:$A$504,"<="&A14-7)=0),"",C14-AVERAGEIFS($B$5:$B$504,$A$5:$A$504,">="&A14-13,$A$5:$A$504,"<="&A14-7)) | E14: =IF(D14="","",IF(AND(D14>=0.2,D14<=0.35),"On target — change nothing",IF(D14<0.2,"Gaining too slowly — add 200 kcal to training days","Gaining too fast — cut 200 kcal from training days")))
C15: =IF(B15="","",IFERROR(AVERAGEIFS($B$5:$B$504,$A$5:$A$504,">="&A15-6,$A$5:$A$504,"<="&A15),"")) | D15: =IF(OR(C15="",COUNTIFS($A$5:$A$504,">="&A15-13,$A$5:$A$504,"<="&A15-7)=0),"",C15-AVERAGEIFS($B$5:$B$504,$A$5:$A$504,">="&A15-13,$A$5:$A$504,"<="&A15-7)) | E15: =IF(D15="","",IF(AND(D15>=0.2,D15<=0.35),"On target — change nothing",IF(D15<0.2,"Gaining too slowly — add 200 kcal to training days","Gaining too fast — cut 200 kcal from training days")))
C16: =IF(B16="","",IFERROR(AVERAGEIFS($B$5:$B$504,$A$5:$A$504,">="&A16-6,$A$5:$A$504,"<="&A16),"")) | D16: =IF(OR(C16="",COUNTIFS($A$5:$A$504,">="&A16-13,$A$5:$A$504,"<="&A16-7)=0),"",C16-AVERAGEIFS($B$5:$B$504,$A$5:$A$504,">="&A16-13,$A$5:$A$504,"<="&A16-7)) | E16: =IF(D16="","",IF(AND(D16>=0.2,D16<=0.35),"On target — change nothing",IF(D16<0.2,"Gaining too slowly — add 200 kcal to training days","Gaining too fast — cut 200 kcal from training days")))
C17: =IF(B17="","",IFERROR(AVERAGEIFS($B$5:$B$504,$A$5:$A$504,">="&A17-6,$A$5:$A$504,"<="&A17),"")) | D17: =IF(OR(C17="",COUNTIFS($A$5:$A$504,">="&A17-13,$A$5:$A$504,"<="&A17-7)=0),"",C17-AVERAGEIFS($B$5:$B$504,$A$5:$A$504,">="&A17-13,$A$5:$A$504,"<="&A17-7)) | E17: =IF(D17="","",IF(AND(D17>=0.2,D17<=0.35),"On target — change nothing",IF(D17<0.2,"Gaining too slowly — add 200 kcal to training days","Gaining too fast — cut 200 kcal from training days")))
... C504: =IF(B504="","",IFERROR(AVERAGEIFS($B$5:$B$504,$A$5:$A$504,">="&A504-6,$A$5:$A$504,"<="&A504),"")) | D504: =IF(OR(C504="",COUNTIFS($A$5:$A$504,">="&A504-13,$A$5:$A$504,"<="&A504-7)=0),"",C504-AVERAGEIFS($B$5:$B$504,$A$5:$A$504,">="&A504-13,$A$5:$A$504,"<="&A504-7)) | E504: =IF(D504="","",IF(AND(D504>=0.2,D504<=0.35),"On target — change nothing",IF(D504<0.2,"Gaining too slowly — add 200 kcal to training days","Gaining too fast — cut 200 kcal from training days")))

Sheet Progress
A1: Top sets — the accountability view
A2: Heaviest single set logged that week, pulled from the Log tab.
A4: Programme start (Monday of week 1): | D4: 2026-09-14 | E4: ← set this once
A6: Week | B6: Week starting | C6: Bent-over row | D6: Flat DB press | E6: Squat | F6: Stiff-leg deadlift | G6: Total volume (kg)
A7: 1 | B7: =$D$4+7*(A7-1) -> 46279 | C7: =IFERROR(IF(_xlfn.MAXIFS(Log!$E$5:$E$1004,Log!$C$5:$C$1004,"Bent-over row",Log!$A$5:$A$1004,">="&$B7,Log!$A$5:$A$1004,"<"&$B7+7)=0,"",_xlfn.MAXIFS(Log!$E$5:$E$1004,Log!$C$5:$C$1004,"Bent-over row",Log!$A$5:$A$1004,">="&$B7,Log!$A$5:$A$1004,"<"&$B7+7)),"") | D7: =IFERROR(IF(_xlfn.MAXIFS(Log!$E$5:$E$1004,Log!$C$5:$C$1004,"Flat DB press",Log!$A$5:$A$1004,">="&$B7,Log!$A$5:$A$1004,"<"&$B7+7)=0,"",_xlfn.MAXIFS(Log!$E$5:$E$1004,Log!$C$5:$C$1004,"Flat DB press",Log!$A$5:$A$1004,">="&$B7,Log!$A$5:$A$1004,"<"&$B7+7)),"") | E7: =IFERROR(IF(_xlfn.MAXIFS(Log!$E$5:$E$1004,Log!$C$5:$C$1004,"Squat",Log!$A$5:$A$1004,">="&$B7,Log!$A$5:$A$1004,"<"&$B7+7)=0,"",_xlfn.MAXIFS(Log!$E$5:$E$1004,Log!$C$5:$C$1004,"Squat",Log!$A$5:$A$1004,">="&$B7,Log!$A$5:$A$1004,"<"&$B7+7)),"") | F7: =IFERROR(IF(_xlfn.MAXIFS(Log!$E$5:$E$1004,Log!$C$5:$C$1004,"Stiff-leg deadlift",Log!$A$5:$A$1004,">="&$B7,Log!$A$5:$A$1004,"<"&$B7+7)=0,"",_xlfn.MAXIFS(Log!$E$5:$E$1004,Log!$C$5:$C$1004,"Stiff-leg deadlift",Log!$A$5:$A$1004,">="&$B7,Log!$A$5:$A$1004,"<"&$B7+7)),"") | G7: =IFERROR(IF(SUMIFS(Log!$G$5:$G$1004,Log!$A$5:$A$1004,">="&$B7,Log!$A$5:$A$1004,"<"&$B7+7)=0,"",SUMIFS(Log!$G$5:$G$1004,Log!$A$5:$A$1004,">="&$B7,Log!$A$5:$A$1004,"<"&$B7+7)),"")
A8: 2 | B8: =$D$4+7*(A8-1) -> 46286 | C8: =IFERROR(IF(_xlfn.MAXIFS(Log!$E$5:$E$1004,Log!$C$5:$C$1004,"Bent-over row",Log!$A$5:$A$1004,">="&$B8,Log!$A$5:$A$1004,"<"&$B8+7)=0,"",_xlfn.MAXIFS(Log!$E$5:$E$1004,Log!$C$5:$C$1004,"Bent-over row",Log!$A$5:$A$1004,">="&$B8,Log!$A$5:$A$1004,"<"&$B8+7)),"") | D8: =IFERROR(IF(_xlfn.MAXIFS(Log!$E$5:$E$1004,Log!$C$5:$C$1004,"Flat DB press",Log!$A$5:$A$1004,">="&$B8,Log!$A$5:$A$1004,"<"&$B8+7)=0,"",_xlfn.MAXIFS(Log!$E$5:$E$1004,Log!$C$5:$C$1004,"Flat DB press",Log!$A$5:$A$1004,">="&$B8,Log!$A$5:$A$1004,"<"&$B8+7)),"") | E8: =IFERROR(IF(_xlfn.MAXIFS(Log!$E$5:$E$1004,Log!$C$5:$C$1004,"Squat",Log!$A$5:$A$1004,">="&$B8,Log!$A$5:$A$1004,"<"&$B8+7)=0,"",_xlfn.MAXIFS(Log!$E$5:$E$1004,Log!$C$5:$C$1004,"Squat",Log!$A$5:$A$1004,">="&$B8,Log!$A$5:$A$1004,"<"&$B8+7)),"") | F8: =IFERROR(IF(_xlfn.MAXIFS(Log!$E$5:$E$1004,Log!$C$5:$C$1004,"Stiff-leg deadlift",Log!$A$5:$A$1004,">="&$B8,Log!$A$5:$A$1004,"<"&$B8+7)=0,"",_xlfn.MAXIFS(Log!$E$5:$E$1004,Log!$C$5:$C$1004,"Stiff-leg deadlift",Log!$A$5:$A$1004,">="&$B8,Log!$A$5:$A$1004,"<"&$B8+7)),"") | G8: =IFERROR(IF(SUMIFS(Log!$G$5:$G$1004,Log!$A$5:$A$1004,">="&$B8,Log!$A$5:$A$1004,"<"&$B8+7)=0,"",SUMIFS(Log!$G$5:$G$1004,Log!$A$5:$A$1004,">="&$B8,Log!$A$5:$A$1004,"<"&$B8+7)),"")
A9: 3 | B9: =$D$4+7*(A9-1) -> 46293 | C9: =IFERROR(IF(_xlfn.MAXIFS(Log!$E$5:$E$1004,Log!$C$5:$C$1004,"Bent-over row",Log!$A$5:$A$1004,">="&$B9,Log!$A$5:$A$1004,"<"&$B9+7)=0,"",_xlfn.MAXIFS(Log!$E$5:$E$1004,Log!$C$5:$C$1004,"Bent-over row",Log!$A$5:$A$1004,">="&$B9,Log!$A$5:$A$1004,"<"&$B9+7)),"") | D9: =IFERROR(IF(_xlfn.MAXIFS(Log!$E$5:$E$1004,Log!$C$5:$C$1004,"Flat DB press",Log!$A$5:$A$1004,">="&$B9,Log!$A$5:$A$1004,"<"&$B9+7)=0,"",_xlfn.MAXIFS(Log!$E$5:$E$1004,Log!$C$5:$C$1004,"Flat DB press",Log!$A$5:$A$1004,">="&$B9,Log!$A$5:$A$1004,"<"&$B9+7)),"") | E9: =IFERROR(IF(_xlfn.MAXIFS(Log!$E$5:$E$1004,Log!$C$5:$C$1004,"Squat",Log!$A$5:$A$1004,">="&$B9,Log!$A$5:$A$1004,"<"&$B9+7)=0,"",_xlfn.MAXIFS(Log!$E$5:$E$1004,Log!$C$5:$C$1004,"Squat",Log!$A$5:$A$1004,">="&$B9,Log!$A$5:$A$1004,"<"&$B9+7)),"") | F9: =IFERROR(IF(_xlfn.MAXIFS(Log!$E$5:$E$1004,Log!$C$5:$C$1004,"Stiff-leg deadlift",Log!$A$5:$A$1004,">="&$B9,Log!$A$5:$A$1004,"<"&$B9+7)=0,"",_xlfn.MAXIFS(Log!$E$5:$E$1004,Log!$C$5:$C$1004,"Stiff-leg deadlift",Log!$A$5:$A$1004,">="&$B9,Log!$A$5:$A$1004,"<"&$B9+7)),"") | G9: =IFERROR(IF(SUMIFS(Log!$G$5:$G$1004,Log!$A$5:$A$1004,">="&$B9,Log!$A$5:$A$1004,"<"&$B9+7)=0,"",SUMIFS(Log!$G$5:$G$1004,Log!$A$5:$A$1004,">="&$B9,Log!$A$5:$A$1004,"<"&$B9+7)),"")
A10: 4 | B10: =$D$4+7*(A10-1) -> 46300 | C10: =IFERROR(IF(_xlfn.MAXIFS(Log!$E$5:$E$1004,Log!$C$5:$C$1004,"Bent-over row",Log!$A$5:$A$1004,">="&$B10,Log!$A$5:$A$1004,"<"&$B10+7)=0,"",_xlfn.MAXIFS(Log!$E$5:$E$1004,Log!$C$5:$C$1004,"Bent-over row",Log!$A$5:$A$1004,">="&$B10,Log!$A$5:$A$1004,"<"&$B10+7)),"") | D10: =IFERROR(IF(_xlfn.MAXIFS(Log!$E$5:$E$1004,Log!$C$5:$C$1004,"Flat DB press",Log!$A$5:$A$1004,">="&$B10,Log!$A$5:$A$1004,"<"&$B10+7)=0,"",_xlfn.MAXIFS(Log!$E$5:$E$1004,Log!$C$5:$C$1004,"Flat DB press",Log!$A$5:$A$1004,">="&$B10,Log!$A$5:$A$1004,"<"&$B10+7)),"") | E10: =IFERROR(IF(_xlfn.MAXIFS(Log!$E$5:$E$1004,Log!$C$5:$C$1004,"Squat",Log!$A$5:$A$1004,">="&$B10,Log!$A$5:$A$1004,"<"&$B10+7)=0,"",_xlfn.MAXIFS(Log!$E$5:$E$1004,Log!$C$5:$C$1004,"Squat",Log!$A$5:$A$1004,">="&$B10,Log!$A$5:$A$1004,"<"&$B10+7)),"") | F10: =IFERROR(IF(_xlfn.MAXIFS(Log!$E$5:$E$1004,Log!$C$5:$C$1004,"Stiff-leg deadlift",Log!$A$5:$A$1004,">="&$B10,Log!$A$5:$A$1004,"<"&$B10+7)=0,"",_xlfn.MAXIFS(Log!$E$5:$E$1004,Log!$C$5:$C$1004,"Stiff-leg deadlift",Log!$A$5:$A$1004,">="&$B10,Log!$A$5:$A$1004,"<"&$B10+7)),"") | G10: =IFERROR(IF(SUMIFS(Log!$G$5:$G$1004,Log!$A$5:$A$1004,">="&$B10,Log!$A$5:$A$1004,"<"&$B10+7)=0,"",SUMIFS(Log!$G$5:$G$1004,Log!$A$5:$A$1004,">="&$B10,Log!$A$5:$A$1004,"<"&$B10+7)),"")
A11: 5 | B11: =$D$4+7*(A11-1) -> 46307 | C11: =IFERROR(IF(_xlfn.MAXIFS(Log!$E$5:$E$1004,Log!$C$5:$C$1004,"Bent-over row",Log!$A$5:$A$1004,">="&$B11,Log!$A$5:$A$1004,"<"&$B11+7)=0,"",_xlfn.MAXIFS(Log!$E$5:$E$1004,Log!$C$5:$C$1004,"Bent-over row",Log!$A$5:$A$1004,">="&$B11,Log!$A$5:$A$1004,"<"&$B11+7)),"") | D11: =IFERROR(IF(_xlfn.MAXIFS(Log!$E$5:$E$1004,Log!$C$5:$C$1004,"Flat DB press",Log!$A$5:$A$1004,">="&$B11,Log!$A$5:$A$1004,"<"&$B11+7)=0,"",_xlfn.MAXIFS(Log!$E$5:$E$1004,Log!$C$5:$C$1004,"Flat DB press",Log!$A$5:$A$1004,">="&$B11,Log!$A$5:$A$1004,"<"&$B11+7)),"") | E11: =IFERROR(IF(_xlfn.MAXIFS(Log!$E$5:$E$1004,Log!$C$5:$C$1004,"Squat",Log!$A$5:$A$1004,">="&$B11,Log!$A$5:$A$1004,"<"&$B11+7)=0,"",_xlfn.MAXIFS(Log!$E$5:$E$1004,Log!$C$5:$C$1004,"Squat",Log!$A$5:$A$1004,">="&$B11,Log!$A$5:$A$1004,"<"&$B11+7)),"") | F11: =IFERROR(IF(_xlfn.MAXIFS(Log!$E$5:$E$1004,Log!$C$5:$C$1004,"Stiff-leg deadlift",Log!$A$5:$A$1004,">="&$B11,Log!$A$5:$A$1004,"<"&$B11+7)=0,"",_xlfn.MAXIFS(Log!$E$5:$E$1004,Log!$C$5:$C$1004,"Stiff-leg deadlift",Log!$A$5:$A$1004,">="&$B11,Log!$A$5:$A$1004,"<"&$B11+7)),"") | G11: =IFERROR(IF(SUMIFS(Log!$G$5:$G$1004,Log!$A$5:$A$1004,">="&$B11,Log!$A$5:$A$1004,"<"&$B11+7)=0,"",SUMIFS(Log!$G$5:$G$1004,Log!$A$5:$A$1004,">="&$B11,Log!$A$5:$A$1004,"<"&$B11+7)),"")
A12: 6 | B12: =$D$4+7*(A12-1) -> 46314 | C12: =IFERROR(IF(_xlfn.MAXIFS(Log!$E$5:$E$1004,Log!$C$5:$C$1004,"Bent-over row",Log!$A$5:$A$1004,">="&$B12,Log!$A$5:$A$1004,"<"&$B12+7)=0,"",_xlfn.MAXIFS(Log!$E$5:$E$1004,Log!$C$5:$C$1004,"Bent-over row",Log!$A$5:$A$1004,">="&$B12,Log!$A$5:$A$1004,"<"&$B12+7)),"") | D12: =IFERROR(IF(_xlfn.MAXIFS(Log!$E$5:$E$1004,Log!$C$5:$C$1004,"Flat DB press",Log!$A$5:$A$1004,">="&$B12,Log!$A$5:$A$1004,"<"&$B12+7)=0,"",_xlfn.MAXIFS(Log!$E$5:$E$1004,Log!$C$5:$C$1004,"Flat DB press",Log!$A$5:$A$1004,">="&$B12,Log!$A$5:$A$1004,"<"&$B12+7)),"") | E12: =IFERROR(IF(_xlfn.MAXIFS(Log!$E$5:$E$1004,Log!$C$5:$C$1004,"Squat",Log!$A$5:$A$1004,">="&$B12,Log!$A$5:$A$1004,"<"&$B12+7)=0,"",_xlfn.MAXIFS(Log!$E$5:$E$1004,Log!$C$5:$C$1004,"Squat",Log!$A$5:$A$1004,">="&$B12,Log!$A$5:$A$1004,"<"&$B12+7)),"") | F12: =IFERROR(IF(_xlfn.MAXIFS(Log!$E$5:$E$1004,Log!$C$5:$C$1004,"Stiff-leg deadlift",Log!$A$5:$A$1004,">="&$B12,Log!$A$5:$A$1004,"<"&$B12+7)=0,"",_xlfn.MAXIFS(Log!$E$5:$E$1004,Log!$C$5:$C$1004,"Stiff-leg deadlift",Log!$A$5:$A$1004,">="&$B12,Log!$A$5:$A$1004,"<"&$B12+7)),"") | G12: =IFERROR(IF(SUMIFS(Log!$G$5:$G$1004,Log!$A$5:$A$1004,">="&$B12,Log!$A$5:$A$1004,"<"&$B12+7)=0,"",SUMIFS(Log!$G$5:$G$1004,Log!$A$5:$A$1004,">="&$B12,Log!$A$5:$A$1004,"<"&$B12+7)),"")
A13: 7 | B13: =$D$4+7*(A13-1) -> 46321 | C13: =IFERROR(IF(_xlfn.MAXIFS(Log!$E$5:$E$1004,Log!$C$5:$C$1004,"Bent-over row",Log!$A$5:$A$1004,">="&$B13,Log!$A$5:$A$1004,"<"&$B13+7)=0,"",_xlfn.MAXIFS(Log!$E$5:$E$1004,Log!$C$5:$C$1004,"Bent-over row",Log!$A$5:$A$1004,">="&$B13,Log!$A$5:$A$1004,"<"&$B13+7)),"") | D13: =IFERROR(IF(_xlfn.MAXIFS(Log!$E$5:$E$1004,Log!$C$5:$C$1004,"Flat DB press",Log!$A$5:$A$1004,">="&$B13,Log!$A$5:$A$1004,"<"&$B13+7)=0,"",_xlfn.MAXIFS(Log!$E$5:$E$1004,Log!$C$5:$C$1004,"Flat DB press",Log!$A$5:$A$1004,">="&$B13,Log!$A$5:$A$1004,"<"&$B13+7)),"") | E13: =IFERROR(IF(_xlfn.MAXIFS(Log!$E$5:$E$1004,Log!$C$5:$C$1004,"Squat",Log!$A$5:$A$1004,">="&$B13,Log!$A$5:$A$1004,"<"&$B13+7)=0,"",_xlfn.MAXIFS(Log!$E$5:$E$1004,Log!$C$5:$C$1004,"Squat",Log!$A$5:$A$1004,">="&$B13,Log!$A$5:$A$1004,"<"&$B13+7)),"") | F13: =IFERROR(IF(_xlfn.MAXIFS(Log!$E$5:$E$1004,Log!$C$5:$C$1004,"Stiff-leg deadlift",Log!$A$5:$A$1004,">="&$B13,Log!$A$5:$A$1004,"<"&$B13+7)=0,"",_xlfn.MAXIFS(Log!$E$5:$E$1004,Log!$C$5:$C$1004,"Stiff-leg deadlift",Log!$A$5:$A$1004,">="&$B13,Log!$A$5:$A$1004,"<"&$B13+7)),"") | G13: =IFERROR(IF(SUMIFS(Log!$G$5:$G$1004,Log!$A$5:$A$1004,">="&$B13,Log!$A$5:$A$1004,"<"&$B13+7)=0,"",SUMIFS(Log!$G$5:$G$1004,Log!$A$5:$A$1004,">="&$B13,Log!$A$5:$A$1004,"<"&$B13+7)),"")
A14: 8 | B14: =$D$4+7*(A14-1) -> 46328 | C14: =IFERROR(IF(_xlfn.MAXIFS(Log!$E$5:$E$1004,Log!$C$5:$C$1004,"Bent-over row",Log!$A$5:$A$1004,">="&$B14,Log!$A$5:$A$1004,"<"&$B14+7)=0,"",_xlfn.MAXIFS(Log!$E$5:$E$1004,Log!$C$5:$C$1004,"Bent-over row",Log!$A$5:$A$1004,">="&$B14,Log!$A$5:$A$1004,"<"&$B14+7)),"") | D14: =IFERROR(IF(_xlfn.MAXIFS(Log!$E$5:$E$1004,Log!$C$5:$C$1004,"Flat DB press",Log!$A$5:$A$1004,">="&$B14,Log!$A$5:$A$1004,"<"&$B14+7)=0,"",_xlfn.MAXIFS(Log!$E$5:$E$1004,Log!$C$5:$C$1004,"Flat DB press",Log!$A$5:$A$1004,">="&$B14,Log!$A$5:$A$1004,"<"&$B14+7)),"") | E14: =IFERROR(IF(_xlfn.MAXIFS(Log!$E$5:$E$1004,Log!$C$5:$C$1004,"Squat",Log!$A$5:$A$1004,">="&$B14,Log!$A$5:$A$1004,"<"&$B14+7)=0,"",_xlfn.MAXIFS(Log!$E$5:$E$1004,Log!$C$5:$C$1004,"Squat",Log!$A$5:$A$1004,">="&$B14,Log!$A$5:$A$1004,"<"&$B14+7)),"") | F14: =IFERROR(IF(_xlfn.MAXIFS(Log!$E$5:$E$1004,Log!$C$5:$C$1004,"Stiff-leg deadlift",Log!$A$5:$A$1004,">="&$B14,Log!$A$5:$A$1004,"<"&$B14+7)=0,"",_xlfn.MAXIFS(Log!$E$5:$E$1004,Log!$C$5:$C$1004,"Stiff-leg deadlift",Log!$A$5:$A$1004,">="&$B14,Log!$A$5:$A$1004,"<"&$B14+7)),"") | G14: =IFERROR(IF(SUMIFS(Log!$G$5:$G$1004,Log!$A$5:$A$1004,">="&$B14,Log!$A$5:$A$1004,"<"&$B14+7)=0,"",SUMIFS(Log!$G$5:$G$1004,Log!$A$5:$A$1004,">="&$B14,Log!$A$5:$A$1004,"<"&$B14+7)),"")
A15: 9 | B15: =$D$4+7*(A15-1) -> 46335 | C15: =IFERROR(IF(_xlfn.MAXIFS(Log!$E$5:$E$1004,Log!$C$5:$C$1004,"Bent-over row",Log!$A$5:$A$1004,">="&$B15,Log!$A$5:$A$1004,"<"&$B15+7)=0,"",_xlfn.MAXIFS(Log!$E$5:$E$1004,Log!$C$5:$C$1004,"Bent-over row",Log!$A$5:$A$1004,">="&$B15,Log!$A$5:$A$1004,"<"&$B15+7)),"") | D15: =IFERROR(IF(_xlfn.MAXIFS(Log!$E$5:$E$1004,Log!$C$5:$C$1004,"Flat DB press",Log!$A$5:$A$1004,">="&$B15,Log!$A$5:$A$1004,"<"&$B15+7)=0,"",_xlfn.MAXIFS(Log!$E$5:$E$1004,Log!$C$5:$C$1004,"Flat DB press",Log!$A$5:$A$1004,">="&$B15,Log!$A$5:$A$1004,"<"&$B15+7)),"") | E15: =IFERROR(IF(_xlfn.MAXIFS(Log!$E$5:$E$1004,Log!$C$5:$C$1004,"Squat",Log!$A$5:$A$1004,">="&$B15,Log!$A$5:$A$1004,"<"&$B15+7)=0,"",_xlfn.MAXIFS(Log!$E$5:$E$1004,Log!$C$5:$C$1004,"Squat",Log!$A$5:$A$1004,">="&$B15,Log!$A$5:$A$1004,"<"&$B15+7)),"") | F15: =IFERROR(IF(_xlfn.MAXIFS(Log!$E$5:$E$1004,Log!$C$5:$C$1004,"Stiff-leg deadlift",Log!$A$5:$A$1004,">="&$B15,Log!$A$5:$A$1004,"<"&$B15+7)=0,"",_xlfn.MAXIFS(Log!$E$5:$E$1004,Log!$C$5:$C$1004,"Stiff-leg deadlift",Log!$A$5:$A$1004,">="&$B15,Log!$A$5:$A$1004,"<"&$B15+7)),"") | G15: =IFERROR(IF(SUMIFS(Log!$G$5:$G$1004,Log!$A$5:$A$1004,">="&$B15,Log!$A$5:$A$1004,"<"&$B15+7)=0,"",SUMIFS(Log!$G$5:$G$1004,Log!$A$5:$A$1004,">="&$B15,Log!$A$5:$A$1004,"<"&$B15+7)),"")
A16: 10 | B16: =$D$4+7*(A16-1) -> 46342 | C16: =IFERROR(IF(_xlfn.MAXIFS(Log!$E$5:$E$1004,Log!$C$5:$C$1004,"Bent-over row",Log!$A$5:$A$1004,">="&$B16,Log!$A$5:$A$1004,"<"&$B16+7)=0,"",_xlfn.MAXIFS(Log!$E$5:$E$1004,Log!$C$5:$C$1004,"Bent-over row",Log!$A$5:$A$1004,">="&$B16,Log!$A$5:$A$1004,"<"&$B16+7)),"") | D16: =IFERROR(IF(_xlfn.MAXIFS(Log!$E$5:$E$1004,Log!$C$5:$C$1004,"Flat DB press",Log!$A$5:$A$1004,">="&$B16,Log!$A$5:$A$1004,"<"&$B16+7)=0,"",_xlfn.MAXIFS(Log!$E$5:$E$1004,Log!$C$5:$C$1004,"Flat DB press",Log!$A$5:$A$1004,">="&$B16,Log!$A$5:$A$1004,"<"&$B16+7)),"") | E16: =IFERROR(IF(_xlfn.MAXIFS(Log!$E$5:$E$1004,Log!$C$5:$C$1004,"Squat",Log!$A$5:$A$1004,">="&$B16,Log!$A$5:$A$1004,"<"&$B16+7)=0,"",_xlfn.MAXIFS(Log!$E$5:$E$1004,Log!$C$5:$C$1004,"Squat",Log!$A$5:$A$1004,">="&$B16,Log!$A$5:$A$1004,"<"&$B16+7)),"") | F16: =IFERROR(IF(_xlfn.MAXIFS(Log!$E$5:$E$1004,Log!$C$5:$C$1004,"Stiff-leg deadlift",Log!$A$5:$A$1004,">="&$B16,Log!$A$5:$A$1004,"<"&$B16+7)=0,"",_xlfn.MAXIFS(Log!$E$5:$E$1004,Log!$C$5:$C$1004,"Stiff-leg deadlift",Log!$A$5:$A$1004,">="&$B16,Log!$A$5:$A$1004,"<"&$B16+7)),"") | G16: =IFERROR(IF(SUMIFS(Log!$G$5:$G$1004,Log!$A$5:$A$1004,">="&$B16,Log!$A$5:$A$1004,"<"&$B16+7)=0,"",SUMIFS(Log!$G$5:$G$1004,Log!$A$5:$A$1004,">="&$B16,Log!$A$5:$A$1004,"<"&$B16+7)),"")
A17: 11 | B17: =$D$4+7*(A17-1) -> 46349 | C17: =IFERROR(IF(_xlfn.MAXIFS(Log!$E$5:$E$1004,Log!$C$5:$C$1004,"Bent-over row",Log!$A$5:$A$1004,">="&$B17,Log!$A$5:$A$1004,"<"&$B17+7)=0,"",_xlfn.MAXIFS(Log!$E$5:$E$1004,Log!$C$5:$C$1004,"Bent-over row",Log!$A$5:$A$1004,">="&$B17,Log!$A$5:$A$1004,"<"&$B17+7)),"") | D17: =IFERROR(IF(_xlfn.MAXIFS(Log!$E$5:$E$1004,Log!$C$5:$C$1004,"Flat DB press",Log!$A$5:$A$1004,">="&$B17,Log!$A$5:$A$1004,"<"&$B17+7)=0,"",_xlfn.MAXIFS(Log!$E$5:$E$1004,Log!$C$5:$C$1004,"Flat DB press",Log!$A$5:$A$1004,">="&$B17,Log!$A$5:$A$1004,"<"&$B17+7)),"") | E17: =IFERROR(IF(_xlfn.MAXIFS(Log!$E$5:$E$1004,Log!$C$5:$C$1004,"Squat",Log!$A$5:$A$1004,">="&$B17,Log!$A$5:$A$1004,"<"&$B17+7)=0,"",_xlfn.MAXIFS(Log!$E$5:$E$1004,Log!$C$5:$C$1004,"Squat",Log!$A$5:$A$1004,">="&$B17,Log!$A$5:$A$1004,"<"&$B17+7)),"") | F17: =IFERROR(IF(_xlfn.MAXIFS(Log!$E$5:$E$1004,Log!$C$5:$C$1004,"Stiff-leg deadlift",Log!$A$5:$A$1004,">="&$B17,Log!$A$5:$A$1004,"<"&$B17+7)=0,"",_xlfn.MAXIFS(Log!$E$5:$E$1004,Log!$C$5:$C$1004,"Stiff-leg deadlift",Log!$A$5:$A$1004,">="&$B17,Log!$A$5:$A$1004,"<"&$B17+7)),"") | G17: =IFERROR(IF(SUMIFS(Log!$G$5:$G$1004,Log!$A$5:$A$1004,">="&$B17,Log!$A$5:$A$1004,"<"&$B17+7)=0,"",SUMIFS(Log!$G$5:$G$1004,Log!$A$5:$A$1004,">="&$B17,Log!$A$5:$A$1004,"<"&$B17+7)),"")
A18: 12 | B18: =$D$4+7*(A18-1) -> 46356 | C18: =IFERROR(IF(_xlfn.MAXIFS(Log!$E$5:$E$1004,Log!$C$5:$C$1004,"Bent-over row",Log!$A$5:$A$1004,">="&$B18,Log!$A$5:$A$1004,"<"&$B18+7)=0,"",_xlfn.MAXIFS(Log!$E$5:$E$1004,Log!$C$5:$C$1004,"Bent-over row",Log!$A$5:$A$1004,">="&$B18,Log!$A$5:$A$1004,"<"&$B18+7)),"") | D18: =IFERROR(IF(_xlfn.MAXIFS(Log!$E$5:$E$1004,Log!$C$5:$C$1004,"Flat DB press",Log!$A$5:$A$1004,">="&$B18,Log!$A$5:$A$1004,"<"&$B18+7)=0,"",_xlfn.MAXIFS(Log!$E$5:$E$1004,Log!$C$5:$C$1004,"Flat DB press",Log!$A$5:$A$1004,">="&$B18,Log!$A$5:$A$1004,"<"&$B18+7)),"") | E18: =IFERROR(IF(_xlfn.MAXIFS(Log!$E$5:$E$1004,Log!$C$5:$C$1004,"Squat",Log!$A$5:$A$1004,">="&$B18,Log!$A$5:$A$1004,"<"&$B18+7)=0,"",_xlfn.MAXIFS(Log!$E$5:$E$1004,Log!$C$5:$C$1004,"Squat",Log!$A$5:$A$1004,">="&$B18,Log!$A$5:$A$1004,"<"&$B18+7)),"") | F18: =IFERROR(IF(_xlfn.MAXIFS(Log!$E$5:$E$1004,Log!$C$5:$C$1004,"Stiff-leg deadlift",Log!$A$5:$A$1004,">="&$B18,Log!$A$5:$A$1004,"<"&$B18+7)=0,"",_xlfn.MAXIFS(Log!$E$5:$E$1004,Log!$C$5:$C$1004,"Stiff-leg deadlift",Log!$A$5:$A$1004,">="&$B18,Log!$A$5:$A$1004,"<"&$B18+7)),"") | G18: =IFERROR(IF(SUMIFS(Log!$G$5:$G$1004,Log!$A$5:$A$1004,">="&$B18,Log!$A$5:$A$1004,"<"&$B18+7)=0,"",SUMIFS(Log!$G$5:$G$1004,Log!$A$5:$A$1004,">="&$B18,Log!$A$5:$A$1004,"<"&$B18+7)),"")
... A32: 26 | B32: =$D$4+7*(A32-1) -> 46454 | C32: =IFERROR(IF(_xlfn.MAXIFS(Log!$E$5:$E$1004,Log!$C$5:$C$1004,"Bent-over row",Log!$A$5:$A$1004,">="&$B32,Log!$A$5:$A$1004,"<"&$B32+7)=0,"",_xlfn.MAXIFS(Log!$E$5:$E$1004,Log!$C$5:$C$1004,"Bent-over row",Log!$A$5:$A$1004,">="&$B32,Log!$A$5:$A$1004,"<"&$B32+7)),"") | D32: =IFERROR(IF(_xlfn.MAXIFS(Log!$E$5:$E$1004,Log!$C$5:$C$1004,"Flat DB press",Log!$A$5:$A$1004,">="&$B32,Log!$A$5:$A$1004,"<"&$B32+7)=0,"",_xlfn.MAXIFS(Log!$E$5:$E$1004,Log!$C$5:$C$1004,"Flat DB press",Log!$A$5:$A$1004,">="&$B32,Log!$A$5:$A$1004,"<"&$B32+7)),"") | E32: =IFERROR(IF(_xlfn.MAXIFS(Log!$E$5:$E$1004,Log!$C$5:$C$1004,"Squat",Log!$A$5:$A$1004,">="&$B32,Log!$A$5:$A$1004,"<"&$B32+7)=0,"",_xlfn.MAXIFS(Log!$E$5:$E$1004,Log!$C$5:$C$1004,"Squat",Log!$A$5:$A$1004,">="&$B32,Log!$A$5:$A$1004,"<"&$B32+7)),"") | F32: =IFERROR(IF(_xlfn.MAXIFS(Log!$E$5:$E$1004,Log!$C$5:$C$1004,"Stiff-leg deadlift",Log!$A$5:$A$1004,">="&$B32,Log!$A$5:$A$1004,"<"&$B32+7)=0,"",_xlfn.MAXIFS(Log!$E$5:$E$1004,Log!$C$5:$C$1004,"Stiff-leg deadlift",Log!$A$5:$A$1004,">="&$B32,Log!$A$5:$A$1004,"<"&$B32+7)),"") | G32: =IFERROR(IF(SUMIFS(Log!$G$5:$G$1004,Log!$A$5:$A$1004,">="&$B32,Log!$A$5:$A$1004,"<"&$B32+7)=0,"",SUMIFS(Log!$G$5:$G$1004,Log!$A$5:$A$1004,">="&$B32,Log!$A$5:$A$1004,"<"&$B32+7)),"")
A35: Week 6 check — if none of these four columns is higher than week 1, the split is not the problem and neither is the diet. Either the sets are not close enough to failure, or you are not eating enough. Fix one, not both, and give it three weeks.

Sheet Diet
A1: Bulk targets — 85 kg, 180 cm
A2: Estimated maintenance ~2,700 kcal. Verify against the Bodyweight tab, not the formula.
B4: Training days (5) | C4: Rest days (2) | D4: Notes
A5: Calories | B5: 3,200 kcal | C5: 2,500 kcal | D5: Weekly average lands near 3,000 — roughly +300 over maintenance.
A6: Protein | B6: 170 g | C6: 175 g | D6: Non-negotiable every day. Muscle protein synthesis does not take rest days.
A7: Carbohydrate | B7: 300 g | C7: 60 g | D7: On training days: ~80–100 g in the meal 2 h before, ~80–100 g after.
A8: Fat | B8: 145 g | C8: 175 g | D8: Weigh your fats for the first two weeks — high-fat days are easy to overshoot.
A9: Rest days fall on | B9: Wed and Sun | D9: Matches the two non-training days in the PHAT week.
A10: Creatine | B10: 5 g daily | C10: 5 g daily | D10: Works regardless of carb timing.
A11: Expected rate | B11: +0.2–0.3 kg/week | D11: Anything faster is fat. The Bodyweight tab tells you which.
A14: These are starting estimates from height, weight and training load — not measurements. The two-week trend on the Bodyweight tab overrides them.

Sheet Program
A1: PHAT — 5 days per week
A2: Reference only. * = cut for weeks 1–4.
A4: Day | B4: Exercise | C4: Sets | D4: Reps | E4: Type | F4: Technique cue | I4: (dropdown source — exercises) | K4: (dropdown source — days)
A5: Day 1 — Upper power | B5: Bent-over row | C5: 3 | D5: 3–5 | E5: power | F5: Torso stays fixed. Pull to the lower ribs, not the collarbone. | I5: Bent-over row | K5: Day 1 — Upper power
A6: Day 1 — Upper power | B6: Weighted pull-up | C6: 2 | D6: 6–10 | E6: power | F6: Start from a full dead hang. Chest toward the bar, not chin over it. | I6: Cambered bar curl | K6: Day 2 — Lower power
A7: Day 1 — Upper power | B7: Rack chin * | C7: 2 | D7: 6–10 | E7: power | F7: Start from a full dead hang. Chest toward the bar, not chin over it. | I7: Cambered bar preacher curl | K7: Day 3 — Back & shoulders
A8: Day 1 — Upper power | B8: Flat DB press | C8: 3 | D8: 3–5 | E8: power | F8: Elbows about 45° from the torso. Touch, don't bounce. | I8: Close-grip bench | K8: Day 4 — Lower hypertrophy
A9: Day 1 — Upper power | B9: Weighted dip | C9: 2 | D9: 6–10 | E9: power | F9: Lean forward slightly. Stop when the upper arm reaches parallel. | I9: Close-grip pulldown | K9: Day 5 — Chest & arms
A10: Day 1 — Upper power | B10: Seated DB shoulder press | C10: 3 | D10: 6–10 | E10: power | F10: Ribs down. Don't arch the lower back to finish the rep. | I10: DB concentration curl
A11: Day 1 — Upper power | B11: Cambered bar curl | C11: 3 | D11: 6–10 | E11: power | F11: Elbows pinned to your sides. If the hips move, the weight is too heavy. | I11: DB row or shrug
A12: Day 1 — Upper power | B12: Skull crusher | C12: 3 | D12: 6–10 | E12: power | F12: Only the forearm moves. The upper arm stays exactly where it started. | I12: Donkey calf raise
A13: Day 2 — Lower power | B13: Squat | C13: 3 | D13: 3–5 | E13: power | F13: Knees track over the toes. Hit depth before you add weight. | I13: Flat DB press
A14: Day 2 — Lower power | B14: Hack squat | C14: 2 | D14: 6–10 | E14: power | F14: Knees track over the toes. Full range before you add weight. | I14: Flat DB press — speed work
A15: Day 2 — Lower power | B15: Leg extension * | C15: 2 | D15: 6–10 | E15: power | F15: Pause at the top. The lowering half is where the growth is. | I15: Glute-ham raise or lying leg curl
A16: Day 2 — Lower power | B16: Stiff-leg deadlift | C16: 3 | D16: 5–8 | E16: power | F16: Push the hips back. The bar stays against your legs. | I16: Hack squat
A17: Day 2 — Lower power | B17: Glute-ham raise or lying leg curl | C17: 2 | D17: 6–10 | E17: power | F17: Hips stay extended. Control the lengthening half. | I17: Incline DB press
A18: Day 2 — Lower power | B18: Standing calf raise | C18: 3 | D18: 6–10 | E18: power | F18: Full stretch at the bottom, full pause at the top. Half reps do nothing. | I18: Incline cable fly
A19: Day 2 — Lower power | B19: Seated calf raise | C19: 2 | D19: 6–10 | E19: power | F19: Full stretch at the bottom, full pause at the top. Half reps do nothing. | I19: Lateral raise
A20: Day 3 — Back & shoulders | B20: Row — speed work | C20: 6 | D20: 3 | E20: speed | F20: Submaximal and fast. 65–70% of your power-day top set. Never grind these. | I20: Leg extension
A21: Day 3 — Back & shoulders | B21: Rack chin | C21: 3 | D21: 8–12 | E21: hyp | F21: Start from a full dead hang. Chest toward the bar, not chin over it. | I21: Leg press
... A41: Day 5 — Chest & arms | B41: Cambered bar preacher curl | C41: 3 | D41: 8–12 | E41: hyp | F41: Elbows pinned to your sides. If the hips move, the weight is too heavy. | I41: Weighted pull-up
A42: Day 5 — Chest & arms | B42: DB concentration curl | C42: 2 | D42: 12–15 | E42: hyp | F42: Elbows pinned. No swinging.
A43: Day 5 — Chest & arms | B43: Spider curl * | C43: 2 | D43: 15–20 | E43: hyp | F43: Elbows pinned. No swinging.
A44: Day 5 — Chest & arms | B44: Close-grip bench | C44: 3 | D44: 8–12 | E44: hyp | F44: Elbows tucked. Bar to the lower chest.
A45: Day 5 — Chest & arms | B45: Skull crusher | C45: 3 | D45: 12–15 | E45: hyp | F45: Only the forearm moves. The upper arm stays exactly where it started.
A46: Day 5 — Chest & arms | B46: Rope pressdown * | C46: 2 | D46: 15–20 | E46: hyp | F46: Only the forearm moves. The upper arm stays exactly where it started.
